epoch;binary_accuracy;loss;val_binary_accuracy;val_loss
0;0.9610832333564758;0.12703976035118103;0.9629951119422913;0.11748236417770386
1;0.9631147384643555;0.11671522259712219;0.9630554914474487;0.11585479974746704
2;0.9669877290725708;0.10485301166772842;0.9730890989303589;0.0859178826212883
